{"Ward 115 Balaji Nagar": [[17.4757097, 78.4236095], [17.4771613, 78.421479], [17.4815182, 78.4155688], [17.4838463, 78.4125888], [17.4839729, 78.4124869], [17.4915824, 78.4066504], [17.4927425, 78.403991], [17.4942512, 78.4007134], [17.4951383, 78.3987661], [17.4958162, 78.3972694], [17.494399, 78.3966324], [17.4929996, 78.3957124], [17.4929331, 78.3945644], [17.4915773, 78.3947414], [17.488753, 78.3933413], [17.487039, 78.3950901], [17.4828281, 78.3934218], [17.4820299, 78.3941245], [17.4769899, 78.3955836], [17.4697137, 78.3914691], [17.4713204, 78.3871186], [17.4703277, 78.3853537], [17.466096, 78.3865821], [17.4640082, 78.3898973], [17.464131, 78.396002], [17.4622479, 78.3995855], [17.4601191, 78.4034693], [17.4612347, 78.4040165], [17.4632304, 78.4051752], [17.4629336, 78.4105504], [17.4627084, 78.4143162], [17.4613473, 78.4157431], [17.4593259, 78.4164915], [17.4593976, 78.4173498], [17.4653949, 78.416647], [17.4660346, 78.4175214], [17.4671501, 78.4182215], [17.4685112, 78.4182349], [17.4687722, 78.4202948], [17.4694834, 78.4231702], [17.46955, 78.423948], [17.4695909, 78.4256029], [17.469637, 78.4273249], [17.4697112, 78.4275717], [17.4757097, 78.4236095]], "Ward 107 Madhapur": [[17.4768927, 78.3782995], [17.4805614, 78.3787823], [17.4808531, 78.3792114], [17.4861359, 78.3812351], [17.4895768, 78.3825722], [17.4907587, 78.3823898], [17.4913611, 78.381549], [17.491718, 78.3801073], [17.4875149, 78.3771086], [17.4835393, 78.3770227], [17.4790878, 78.3752954], [17.4816308, 78.3721948], [17.4819634, 78.3695769], [17.4825006, 78.3660579], [17.4829074, 78.3656797], [17.4837542, 78.3661169], [17.4918331, 78.3697808], [17.493895, 78.3718461], [17.4965452, 78.3738095], [17.4965401, 78.361541], [17.4964378, 78.3599317], [17.4958852, 78.3581078], [17.4920582, 78.3600175], [17.4894642, 78.3598177], [17.4892954, 78.3608758], [17.4881339, 78.3610529], [17.488047, 78.3620989], [17.486645, 78.3623832], [17.485852, 78.3636063], [17.4846854, 78.3635151], [17.4832937, 78.363778], [17.4839947, 78.3604306], [17.4823983, 78.3606371], [17.4794178, 78.3611923], [17.4760587, 78.3627306], [17.4754357, 78.3629921], [17.4749963, 78.3629066], [17.4709875, 78.3648919], [17.4691257, 78.3655814], [17.467755, 78.3665283], [17.4656687, 78.3668773], [17.4623477, 78.3666071], [17.4590266, 78.3659077], [17.4586632, 78.3662993], [17.4580018, 78.3695783], [17.4572176, 78.3725569], [17.4572659, 78.3758748], [17.4535297, 78.3790605], [17.4528822, 78.3800072], [17.451416, 78.3813401], [17.4486396, 78.3837673], [17.4455356, 78.3861946], [17.443541, 78.3873352], [17.4416282, 78.3880466], [17.4414376, 78.3889452], [17.4409466, 78.3938603], [17.4400662, 78.3950928], [17.4394749, 78.3961469], [17.4387124, 78.3973324], [17.438523, 78.3992261], [17.4388198, 78.399505], [17.4393674, 78.4000468], [17.4405138, 78.402155], [17.4420645, 78.4065807], [17.4434207, 78.4066933], [17.4451096, 78.4054649], [17.44578, 78.406173], [17.4479038, 78.4054971], [17.4484002, 78.4043974], [17.4494135, 78.4047407], [17.4504831, 78.4052718], [17.4506519, 78.4023267], [17.4508208, 78.4010124], [17.4527859, 78.400594], [17.4536354, 78.3991939], [17.454357, 78.3972037], [17.4554931, 78.3930623], [17.459807, 78.3889264], [17.4692583, 78.3826715], [17.4713767, 78.3799142], [17.4727992, 78.3764112], [17.474846, 78.3774841], [17.4768927, 78.3782995]], "Ward 114 KPHB Colony": [[17.4703277, 78.3853537], [17.4713204, 78.3871186], [17.4697137, 78.3914691], [17.4769899, 78.3955836], [17.4820299, 78.3941245], [17.4828281, 78.3934218], [17.487039, 78.3950901], [17.488753, 78.3933413], [17.4915773, 78.3947414], [17.4929331, 78.3945644], [17.4929996, 78.3957124], [17.494399, 78.3966324], [17.4958162, 78.3972694], [17.4962332, 78.3956078], [17.4965605, 78.3943498], [17.4981364, 78.3914557], [17.498469, 78.3901092], [17.4993642, 78.3824515], [17.4980033, 78.3794555], [17.497461, 78.3780044], [17.4965452, 78.3738095], [17.493895, 78.3718461], [17.4918331, 78.3697808], [17.4837542, 78.3661169], [17.4829074, 78.3656797], [17.4825006, 78.3660579], [17.4819634, 78.3695769], [17.4816308, 78.3721948], [17.4790878, 78.3752954], [17.4835393, 78.3770227], [17.4875149, 78.3771086], [17.491718, 78.3801073], [17.4913611, 78.381549], [17.4907587, 78.3823898], [17.4895768, 78.3825722], [17.4861359, 78.3812351], [17.4808531, 78.3792114], [17.4805614, 78.3787823], [17.4768927, 78.3782995], [17.4730551, 78.3839697], [17.4703277, 78.3853537]], "Ward 116 Allapur": [[17.4768927, 78.3782995], [17.474846, 78.3774841], [17.4727992, 78.3764112], [17.4713767, 78.3799142], [17.4692583, 78.3826715], [17.459807, 78.3889264], [17.4554931, 78.3930623], [17.454357, 78.3972037], [17.4536354, 78.3991939], [17.4527859, 78.400594], [17.4508208, 78.4010124], [17.4506519, 78.4023267], [17.4504831, 78.4052718], [17.4554316, 78.4105504], [17.4543877, 78.4144878], [17.453835, 78.4174705], [17.4538763, 78.4182649], [17.4539578, 78.4198308], [17.4545719, 78.4196806], [17.4563528, 78.4162903], [17.4549404, 78.4149599], [17.4585123, 78.4152174], [17.4586965, 78.4163976], [17.4593259, 78.4164915], [17.4613473, 78.4157431], [17.4627084, 78.4143162], [17.4629336, 78.4105504], [17.4632304, 78.4051752], [17.4612347, 78.4040165], [17.4601191, 78.4034693], [17.4622479, 78.3995855], [17.464131, 78.396002], [17.4640082, 78.3898973], [17.466096, 78.3865821], [17.4703277, 78.3853537], [17.4730551, 78.3839697], [17.4768927, 78.3782995]], "Ward 95 Jubilee Hills": [[17.4301397, 78.4369141], [17.4301858, 78.4342296], [17.4297866, 78.4333237], [17.4296854, 78.4318216], [17.4297636, 78.4308708], [17.429848, 78.4257853], [17.4313681, 78.4222823], [17.4310073, 78.4209412], [17.4307488, 78.4195787], [17.4311378, 78.4203994], [17.4318607, 78.420323], [17.431949, 78.4186158], [17.4328216, 78.4172183], [17.4342802, 78.4158611], [17.4355085, 78.4158289], [17.4379242, 78.4164727], [17.4385332, 78.4154642], [17.4401505, 78.4161776], [17.4424125, 78.4156412], [17.4458619, 78.4120631], [17.44578, 78.406173], [17.4451096, 78.4054649], [17.4434207, 78.4066933], [17.4420645, 78.4065807], [17.4405138, 78.402155], [17.4393674, 78.4000468], [17.4388198, 78.399505], [17.438523, 78.3992261], [17.4387124, 78.3973324], [17.4394749, 78.3961469], [17.4379396, 78.3957177], [17.4370695, 78.3953798], [17.4371258, 78.3972788], [17.4346846, 78.3986199], [17.4335432, 78.3979171], [17.4321256, 78.3992529], [17.4311889, 78.3987594], [17.4306464, 78.3962917], [17.4304724, 78.393352], [17.429674, 78.393352], [17.4285941, 78.3951867], [17.4267464, 78.3943981], [17.4263165, 78.3963239], [17.4247145, 78.3982766], [17.4192737, 78.3985502], [17.4181016, 78.3989847], [17.4182142, 78.3984429], [17.4175795, 78.3976704], [17.4152045, 78.3982229], [17.4134233, 78.3990759], [17.4139505, 78.4002238], [17.4132492, 78.4023374], [17.4115806, 78.4019887], [17.4101627, 78.4066504], [17.4096457, 78.406924], [17.4092977, 78.4074444], [17.4082995, 78.4140694], [17.4070301, 78.4148633], [17.4071529, 78.4173632], [17.4074814, 78.4178238], [17.40841, 78.4191257], [17.4094563, 78.4205925], [17.4108691, 78.4204155], [17.4119235, 78.4200615], [17.412461, 78.4210378], [17.4128039, 78.4209573], [17.4149281, 78.4215635], [17.4176716, 78.4132004], [17.4199596, 78.4120417], [17.4203076, 78.4109849], [17.4227746, 78.4115052], [17.4233121, 78.4133667], [17.4259531, 78.415035], [17.4263114, 78.4173363], [17.4230971, 78.4262091], [17.4272429, 78.4400064], [17.4281641, 78.4378606], [17.4288218, 78.4379786], [17.4290688, 78.4363425], [17.4294795, 78.4364659], [17.4301397, 78.4369141]],